,ID,Sea,Lge,Date,HT,AT,HS,AS,GD,WDL,prd_W,prd_D,prd_L
0,1,23-24,ARG1,2023-04-14,Tigre,Sarmiento de Junin,1,0,1,W,0.5185,0.2686,0.2129
1,2,23-24,ARG1,2023-04-15,Defensa y Justicia,Instituto Cordoba,1,0,1,W,0.6187,0.2274,0.1539
2,3,23-24,ARG1,2023-04-15,Boca Juniors,Estudiantes,0,1,-1,L,0.5514,0.2528,0.1959
3,4,23-24,ARG1,2023-04-16,GyE La Plata,Belgrano Cordoba,0,2,-2,L,0.499,0.2753,0.2257
4,5,23-24,ARG1,2023-04-16,Huracan,Argentinos Juniors,0,0,0,D,0.4674,0.272,0.2606
5,6,23-24,ARG1,2023-04-16,Velez Sarsfield,Barracas Central,0,0,0,D,0.4862,0.2808,0.233
6,7,23-24,ARG1,2023-04-16,Union de Santa Fe,Tigre,0,0,0,D,0.3258,0.2959,0.3783
7,8,23-24,ARG1,2023-04-16,Newells Old Boys,River Plate,0,1,-1,L,0.2717,0.2724,0.4559
8,9,23-24,ARG1,2023-04-16,Independiente,Racing Club,1,1,0,D,0.3172,0.285,0.3978
9,10,23-24,ARG1,2023-04-17,Talleres Cordoba,San Lorenzo,0,0,0,D,0.3848,0.2866,0.3287
10,11,23-24,ARG1,2023-04-17,Platense,CA Colon,0,0,0,D,0.4769,0.2862,0.2369
11,12,23-24,ARG1,2023-04-17,CA Banfield,Central Cordoba,1,0,1,W,0.3969,0.3005,0.3026
12,13,23-24,ARG1,2023-04-17,Sarmiento de Junin,Arsenal Sarandi,1,0,1,W,0.3861,0.3022,0.3117
13,14,23-24,ARG1,2023-04-18,Atletico Tucuman,Rosario Central,2,2,0,D,0.4302,0.296,0.2738
14,15,23-24,ARG1,2023-04-18,CD Godoy Cruz,CA Lanus,4,4,0,D,0.4523,0.292,0.2556
15,16,23-24,ARG1,2023-04-23,Central Cordoba,CD Godoy Cruz,0,2,-2,L,0.4531,0.2911,0.2559
16,17,23-24,ARG1,2023-04-23,CA Lanus,Sarmiento de Junin,2,1,1,W,0.3887,0.3049,0.3064
17,18,23-24,ARG1,2023-04-23,Arsenal Sarandi,Union de Santa Fe,2,1,1,W,0.4217,0.2991,0.2792
18,19,23-24,ARG1,2023-04-23,Tigre,Huracan,1,0,1,W,0.3681,0.2825,0.3494
19,20,23-24,ARG1,2023-04-23,Argentinos Juniors,GyE La Plata,2,4,-2,L,0.504,0.2686,0.2274
20,21,23-24,ARG1,2023-04-23,Belgrano Cordoba,Newells Old Boys,1,0,1,W,0.3591,0.2973,0.3436
21,22,23-24,ARG1,2023-04-23,River Plate,Independiente,2,0,2,W,0.5946,0.2281,0.1773
22,23,23-24,ARG1,2023-04-23,Racing Club,Atletico Tucuman,1,3,-2,L,0.567,0.2455,0.1875
23,24,23-24,ARG1,2023-04-23,Rosario Central,Boca Juniors,2,2,0,D,0.3201,0.2902,0.3896
24,25,23-24,ARG1,2023-04-23,Estudiantes,Talleres Cordoba,1,0,1,W,0.3355,0.2985,0.366
25,26,23-24,ARG1,2023-04-23,San Lorenzo,Platense,1,0,1,W,0.5147,0.2686,0.2166
26,27,23-24,ARG1,2023-04-23,CA Colon,Velez Sarsfield,2,1,1,W,0.3487,0.2951,0.3562
27,28,23-24,ARG1,2023-04-23,Barracas Central,Defensa y Justicia,0,2,-2,L,0.3015,0.2906,0.4078
28,29,23-24,ARG1,2023-04-23,Instituto Cordoba,CA Banfield,1,1,0,D,0.3284,0.306,0.3656
29,30,22-23,AUS1,2023-04-14,Newcastle United Jets,Macarthur FC,2,1,1,W,0.4711,0.2865,0.2424
30,31,22-23,AUS1,2023-04-15,Central Coast Mariners,Melbourne City FC,1,1,0,D,0.3992,0.2708,0.33
31,32,22-23,AUS1,2023-04-15,Western Sydney Wanderers,Melbourne Victory,2,1,1,W,0.3934,0.2925,0.314
32,33,22-23,AUS1,2023-04-16,Wellington Phoenix,Brisbane Roar,2,2,0,D,0.487,0.2813,0.2317
33,34,22-23,AUS1,2023-04-16,Sydney FC,Perth Glory,4,1,3,W,0.4768,0.2859,0.2373
34,35,22-23,AUS1,2023-04-16,Adelaide United,Western United,0,1,-1,L,0.5207,0.2655,0.2138
35,36,22-23,AUS1,2023-04-21,Western Sydney Wanderers,Wellington Phoenix,4,0,4,W,0.4601,0.2871,0.2528
36,37,22-23,AUS1,2023-04-22,Newcastle United Jets,Central Coast Mariners,1,3,-2,L,0.2666,0.2765,0.457
37,38,22-23,AUS1,2023-04-22,Western United,Melbourne City FC,1,3,-2,L,0.2561,0.2721,0.4718
38,39,22-23,AUS1,2023-04-23,Melbourne Victory,Macarthur FC,2,1,1,W,0.5746,0.2441,0.1814
39,40,22-23,AUS1,2023-04-23,Perth Glory,Adelaide United,4,4,0,D,0.2638,0.2752,0.4609
40,41,22-23,AUS1,2023-04-24,Brisbane Roar,Sydney FC,3,1,2,W,0.3865,0.3065,0.307
41,42,22-23,AUT1,2023-04-14,SV Ried,WSG Tirol,1,1,0,D,0.3705,0.3054,0.3242
42,43,22-23,AUT1,2023-04-15,TSV Hartberg,SCR Altach,2,2,0,D,0.5049,0.2772,0.2179
43,44,22-23,AUT1,2023-04-15,Austria Lustenau,Wolfsberger AC,1,3,-2,L,0.4222,0.2993,0.2785
44,45,22-23,AUT1,2023-04-16,RB Salzburg,LASK Linz,0,0,0,D,0.702,0.1738,0.1242
45,46,22-23,AUT1,2023-04-16,SK Austria Klagenfurt,Sturm Graz,0,2,-2,L,0.1819,0.2506,0.5674
46,47,22-23,AUT1,2023-04-16,Rapid Wien,Austria Wien,3,3,0,D,0.4124,0.2882,0.2994
47,48,22-23,AUT1,2023-04-21,Wolfsberger AC,TSV Hartberg,2,2,0,D,0.4848,0.2829,0.2323
48,49,22-23,AUT1,2023-04-22,SCR Altach,SV Ried,1,1,0,D,0.3249,0.2992,0.3759
49,50,22-23,AUT1,2023-04-22,WSG Tirol,Austria Lustenau,0,2,-2,L,0.389,0.3005,0.3105
50,51,22-23,AUT1,2023-04-23,Austria Wien,SK Austria Klagenfurt,1,2,-1,L,0.5512,0.2566,0.1922
51,52,22-23,AUT1,2023-04-23,LASK Linz,Rapid Wien,3,1,2,W,0.4088,0.2888,0.3023
52,53,22-23,AUT1,2023-04-23,Sturm Graz,RB Salzburg,0,2,-2,L,0.2718,0.2404,0.4878
53,54,22-23,BEL1,2023-04-14,Standard,Charleroi,3,1,2,W,0.4071,0.2971,0.2958
54,55,22-23,BEL1,2023-04-15,Eupen,Waregem,1,5,-4,L,0.4337,0.2973,0.269
55,56,22-23,BEL1,2023-04-15,Cercle Brugge,St Truiden,3,1,2,W,0.4091,0.2955,0.2954
56,57,22-23,BEL1,2023-04-15,Oostende,Oud-Heverlee Leuven,0,4,-4,L,0.3306,0.3024,0.367
57,58,22-23,BEL1,2023-04-15,Westerlo,Club Brugge,0,0,0,D,0.2814,0.2759,0.4426
58,59,22-23,BEL1,2023-04-16,Genk,Anderlecht,5,2,3,W,0.5768,0.2305,0.1928
59,60,22-23,BEL1,2023-04-16,Mechelen,Gent,1,1,0,D,0.2007,0.2565,0.5429
60,61,22-23,BEL1,2023-04-16,Antwerp,Kortrijk,1,0,1,W,0.6792,0.1982,0.1226
61,62,22-23,BEL1,2023-04-16,Union Saint-Gilloise,RFC Seraing,2,1,1,W,0.7409,0.1665,0.0926
62,63,22-23,BEL1,2023-04-23,Club Brugge,Eupen,7,0,7,W,0.7247,0.1756,0.0997
63,64,22-23,BEL1,2023-04-23,Gent,Oostende,1,2,-1,L,0.7208,0.1758,0.1034
64,65,22-23,BEL1,2023-04-23,Kortrijk,Union Saint-Gilloise,2,4,-2,L,0.1757,0.248,0.5763
65,66,22-23,BEL1,2023-04-23,Oud-Heverlee Leuven,Standard,3,2,1,W,0.3705,0.3018,0.3277
66,67,22-23,BEL1,2023-04-23,Anderlecht,Mechelen,2,3,-1,L,0.6137,0.2266,0.1598
67,68,22-23,BEL1,2023-04-23,Charleroi,Genk,2,2,0,D,0.2177,0.254,0.5283
68,69,22-23,BEL1,2023-04-23,RFC Seraing,Westerlo,1,1,0,D,0.2411,0.2788,0.4801
69,70,22-23,BEL1,2023-04-23,Waregem,Cercle Brugge,2,3,-1,L,0.266,0.2795,0.4544
70,71,22-23,BEL1,2023-04-23,St Truiden,Antwerp,0,1,-1,L,0.3094,0.2806,0.41
71,72,22-23,CHE1,2023-04-15,Servette Geneve,FC Lugano,2,2,0,D,0.3706,0.3001,0.3293
72,73,22-23,CHE1,2023-04-15,FC Luzern,FC Zurich,2,2,0,D,0.4417,0.2931,0.2652
73,74,22-23,CHE1,2023-04-16,FC St Gallen,Winterthur,2,0,2,W,0.67,0.2041,0.1258
74,75,22-23,CHE1,2023-04-16,FC Basel,Young Boys,0,0,0,D,0.2641,0.2545,0.4814
75,76,22-23,CHE1,2023-04-16,Grasshoppers Zurich,FC Sion,4,4,0,D,0.4723,0.2884,0.2393
76,77,22-23,CHE1,2023-04-22,Winterthur,Grasshoppers Zurich,1,0,1,W,0.3342,0.3003,0.3655
77,78,22-23,CHE1,2023-04-22,Young Boys,Servette Geneve,3,0,3,W,0.7156,0.1778,0.1067
78,79,22-23,CHE1,2023-04-23,FC Basel,FC Luzern,2,3,-1,L,0.4559,0.2859,0.2581
79,80,22-23,CHE1,2023-04-23,FC Lugano,FC Sion,2,3,-1,L,0.5244,0.2689,0.2066
80,81,22-23,CHE1,2023-04-23,FC Zurich,FC St Gallen,1,0,1,W,0.2998,0.283,0.4172
81,82,23-24,CHL1,2023-04-16,Audax Italiano,Universidad de Chile,1,2,-1,L,0.4755,0.2856,0.2388
82,83,23-24,CHL1,2023-04-16,Deportes Copiapo,CD Huachipato,1,1,0,D,0.2309,0.2724,0.4967
83,85,23-24,CHL1,2023-04-16,Curico Unido,Union Espanola,0,1,-1,L,0.51,0.2711,0.2189
84,86,23-24,CHL1,2023-04-16,Everton,Deportes Magallanes,2,0,2,W,0.5342,0.2628,0.2031
85,87,23-24,CHL1,2023-04-16,CD Palestino,CD Cobresal,1,5,-4,L,0.4187,0.2861,0.2952
86,88,23-24,CHL1,2023-04-16,Union La Calera,Higgins,0,1,-1,L,0.3987,0.296,0.3052
87,89,23-24,CHL1,2023-04-16,Universidad Catolica,Colo Colo,0,0,0,D,0.3394,0.2704,0.3902
88,90,23-24,CHL1,2023-04-23,CD Cobresal,Curico Unido,2,0,2,W,0.4241,0.2869,0.289
89,91,23-24,CHL1,2023-04-23,Colo Colo,CD Palestino,3,1,2,W,0.5929,0.2303,0.1769
90,92,23-24,CHL1,2023-04-23,Everton,Universidad de Chile,1,2,-1,L,0.5092,0.2729,0.2179
91,93,23-24,CHL1,2023-04-23,CD Huachipato,Union La Calera,2,3,-1,L,0.4466,0.2911,0.2623
92,94,23-24,CHL1,2023-04-23,Deportes Magallanes,Deportes Copiapo,0,2,-2,L,0.5607,0.2572,0.1821
93,95,23-24,CHL1,2023-04-23,Nublense,Audax Italiano,2,5,-3,L,0.516,0.2672,0.2168
94,96,23-24,CHL1,2023-04-23,Universidad Catolica,Higgins,0,1,-1,L,0.5119,0.2666,0.2215
95,97,23-24,CHL1,2023-04-23,Union Espanola,Coquimbo Unido,2,0,2,W,0.4693,0.2874,0.2434
96,98,22-23,DNK1,2023-04-14,Midtjylland,Aalborg,1,1,0,D,0.5453,0.2517,0.203
97,99,22-23,DNK1,2023-04-16,Lyngby,Horsens,2,1,1,W,0.4281,0.2986,0.2732
98,100,22-23,DNK1,2023-04-16,Odense,Silkeborg,2,0,2,W,0.3374,0.2982,0.3644
99,101,22-23,DNK1,2023-04-16,FC Kobenhavn,Viborg,2,1,1,W,0.5641,0.2358,0.2001
100,102,22-23,DNK1,2023-04-16,Brondby,Aarhus,1,0,1,W,0.3731,0.3041,0.3228
101,103,22-23,DNK1,2023-04-17,Randers FC,Nordsjalland,1,1,0,D,0.2855,0.2854,0.4291
102,104,22-23,DNK1,2023-04-21,Silkeborg,Aalborg,2,2,0,D,0.5196,0.2694,0.211
103,105,22-23,DNK1,2023-04-23,Horsens,Midtjylland,0,2,-2,L,0.2392,0.2884,0.4725
104,106,22-23,DNK1,2023-04-24,Odense,Lyngby,2,2,0,D,0.4612,0.2914,0.2474
105,123,23-24,ECU1,2023-04-16,Cumbaya FC,Gualaceo SC,1,0,1,W,0.4978,0.2775,0.2247
106,124,23-24,ECU1,2023-04-16,Delfin SC,Mushuc Runa,3,0,3,W,0.5318,0.2633,0.2048
107,125,23-24,ECU1,2023-04-16,Deportivo Cuenca,River Ecuador,4,1,3,W,0.4562,0.288,0.2558
108,126,23-24,ECU1,2023-04-16,CS Emelec,El Nacional,1,2,-1,L,0.601,0.2359,0.1631
109,127,23-24,ECU1,2023-04-16,LDU Quito,FC Barcelona,0,1,-1,L,0.3787,0.2877,0.3336
110,128,23-24,ECU1,2023-04-16,Libertad de Loja,Independiente del Valle,0,0,0,D,0.2967,0.2816,0.4217
111,129,23-24,ECU1,2023-04-16,Tecnico Universitario,SD Aucas,0,1,-1,L,0.2976,0.2812,0.4212
112,130,23-24,ECU1,2023-04-16,Universidad Catolica,Orense,1,1,0,D,0.5761,0.2401,0.1838
113,131,23-24,ECU1,2023-04-23,SD Aucas,Cumbaya FC,2,1,1,W,0.6185,0.2242,0.1572
114,132,23-24,ECU1,2023-04-23,FC Barcelona,Deportivo Cuenca,2,1,1,W,0.5519,0.2495,0.1986
115,133,23-24,ECU1,2023-04-23,El Nacional,Libertad de Loja,4,2,2,W,0.4138,0.2894,0.2968
116,134,23-24,ECU1,2023-04-23,Gualaceo SC,Universidad Catolica,1,0,1,W,0.22,0.2606,0.5194
117,135,23-24,ECU1,2023-04-23,River Ecuador,Delfin SC,2,1,1,W,0.412,0.2972,0.2908
118,136,23-24,ECU1,2023-04-23,Independiente del Valle,Tecnico Universitario,1,0,1,W,0.5759,0.2411,0.1831
119,137,23-24,ECU1,2023-04-23,Mushuc Runa,CS Emelec,0,0,0,D,0.2703,0.277,0.4527
120,138,23-24,ECU1,2023-04-23,Orense,LDU Quito,2,1,1,W,0.3986,0.2887,0.3127
121,139,22-23,ENG1,2023-04-15,Aston Villa,Newcastle United,3,0,3,W,0.2832,0.2817,0.435
122,140,22-23,ENG1,2023-04-15,Chelsea,Brighton,1,2,-1,L,0.3573,0.2874,0.3553
123,141,22-23,ENG1,2023-04-15,Everton,Fulham,1,3,-2,L,0.3863,0.3061,0.3076
124,142,22-23,ENG1,2023-04-15,Southampton,Crystal Palace,0,2,-2,L,0.3117,0.2964,0.3919
125,143,22-23,ENG1,2023-04-15,Tottenham Hotspur,Bournemouth,2,3,-1,L,0.7266,0.1744,0.099
126,144,22-23,ENG1,2023-04-15,Wolverhampton,Brentford,2,0,2,W,0.2519,0.2748,0.4733
127,145,22-23,ENG1,2023-04-15,Nottingham Forest,Manchester United,0,2,-2,L,0.3103,0.2833,0.4063
128,146,22-23,ENG1,2023-04-16,West Ham United,Arsenal,2,2,0,D,0.1955,0.2519,0.5526
129,147,22-23,ENG1,2023-04-16,Manchester City,Leicester City,3,1,2,W,0.772,0.1441,0.0839
130,148,22-23,ENG1,2023-04-17,Leeds United,Liverpool,1,6,-5,L,0.2235,0.2613,0.5152
131,149,22-23,ENG1,2023-04-21,Arsenal,Southampton,3,3,0,D,0.7702,0.1502,0.0796
132,150,22-23,ENG1,2023-04-22,Fulham,Leeds United,2,1,1,W,0.4181,0.3021,0.2798
133,151,22-23,ENG1,2023-04-22,Bournemouth,West Ham United,0,4,-4,L,0.3476,0.2979,0.3545
134,152,22-23,ENG1,2023-04-22,Crystal Palace,Everton,0,0,0,D,0.4809,0.2845,0.2346
135,153,22-23,ENG1,2023-04-22,Brentford,Aston Villa,1,1,0,D,0.5175,0.2676,0.2149
136,154,22-23,ENG1,2023-04-22,Liverpool,Nottingham Forest,3,2,1,W,0.7215,0.1771,0.1014
137,155,22-23,ENG1,2023-04-22,Leicester City,Wolverhampton,2,1,1,W,0.5187,0.2722,0.2091
138,157,22-23,ENG1,2023-04-23,Newcastle United,Tottenham Hotspur,6,1,5,W,0.3983,0.2698,0.3318
139,159,22-23,ENG2,2023-04-14,Middlesbrough,Norwich City,5,1,4,W,0.5031,0.265,0.2319
140,160,22-23,ENG2,2023-04-15,Sheffield United,Cardiff City,4,1,3,W,0.6552,0.2081,0.1367
141,161,22-23,ENG2,2023-04-15,Sunderland,Birmingham City,2,1,1,W,0.5119,0.267,0.2211
142,162,22-23,ENG2,2023-04-15,Blackpool,Wigan Athletic,1,0,1,W,0.406,0.3051,0.289
143,163,22-23,ENG2,2023-04-15,Millwall,Preston North End,2,0,2,W,0.4837,0.2783,0.238
144,164,22-23,ENG2,2023-04-15,Reading,Burnley,0,0,0,D,0.1625,0.2325,0.605
145,165,22-23,ENG2,2023-04-15,Watford,Bristol City,2,0,2,W,0.4698,0.2841,0.246
146,166,22-23,ENG2,2023-04-15,Queens Park Rangers,Coventry City,0,3,-3,L,0.2878,0.291,0.4212
147,167,22-23,ENG2,2023-04-15,Rotherham United,Luton Town,0,2,-2,L,0.2998,0.2923,0.4079
148,168,22-23,ENG2,2023-04-15,Stoke City,West Bromwich Albion,1,2,-1,L,0.3977,0.2913,0.311
149,169,22-23,ENG2,2023-04-15,Swansea City,Huddersfield Town,1,0,1,W,0.4646,0.2894,0.2459
150,170,22-23,ENG2,2023-04-15,Blackburn Rovers,Hull City,0,0,0,D,0.4666,0.2889,0.2444
151,171,22-23,ENG2,2023-04-18,Sunderland,Huddersfield Town,1,1,0,D,0.5539,0.2522,0.1939
152,172,22-23,ENG2,2023-04-18,Blackpool,West Bromwich Albion,0,2,-2,L,0.2791,0.2854,0.4355
153,173,22-23,ENG2,2023-04-18,Rotherham United,Burnley,2,2,0,D,0.1637,0.2334,0.603
154,174,22-23,ENG2,2023-04-18,Sheffield United,Bristol City,1,0,1,W,0.6092,0.2268,0.164
155,175,22-23,ENG2,2023-04-18,Stoke City,Wigan Athletic,0,1,-1,L,0.5457,0.2594,0.1949
156,176,22-23,ENG2,2023-04-18,Millwall,Birmingham City,0,1,-1,L,0.519,0.2677,0.2133
157,177,22-23,ENG2,2023-04-19,Blackburn Rovers,Coventry City,1,1,0,D,0.3748,0.2991,0.3261
158,178,22-23,ENG2,2023-04-19,Watford,Cardiff City,1,3,-2,L,0.5204,0.2696,0.21
159,179,22-23,ENG2,2023-04-19,Queens Park Rangers,Norwich City,1,1,0,D,0.2729,0.2878,0.4393
160,180,22-23,ENG2,2023-04-19,Swansea City,Preston North End,4,2,2,W,0.3883,0.3045,0.3072
161,181,22-23,ENG2,2023-04-19,Middlesbrough,Hull City,3,1,2,W,0.6042,0.2328,0.163
162,182,22-23,ENG2,2023-04-19,Reading,Luton Town,1,1,0,D,0.298,0.2915,0.4105
163,183,22-23,ENG3,2023-04-15,Exeter City,Plymouth Argyle,0,1,-1,L,0.3166,0.2794,0.404
164,184,22-23,ENG3,2023-04-15,Cambridge,Peterborough United,2,0,2,W,0.2038,0.2576,0.5386
165,185,22-23,ENG3,2023-04-15,Accrington,Fleetwood Town,2,5,-3,L,0.2917,0.2943,0.414
166,186,22-23,ENG3,2023-04-15,Bristol Rovers,Derby County,1,1,0,D,0.2799,0.2845,0.4357
167,187,22-23,ENG3,2023-04-15,Burton,Sheffield Wednesday,3,2,1,W,0.1876,0.2494,0.563
168,188,22-23,ENG3,2023-04-15,Morecambe,Wycombe Wanderers,1,0,1,W,0.2321,0.2694,0.4985
169,189,22-23,ENG3,2023-04-15,Forest Green,Barnsley,1,5,-4,L,0.1515,0.2291,0.6193
170,190,22-23,ENG3,2023-04-15,Ipswich Town,Charlton Athletic,6,0,6,W,0.6623,0.1996,0.1381
171,191,22-23,ENG3,2023-04-15,Lincoln,Port Vale,3,2,1,W,0.4769,0.2854,0.2377
172,192,22-23,ENG3,2023-04-15,Milton Keynes Dons,Cheltenham,2,2,0,D,0.3912,0.3039,0.3049
173,193,22-23,ENG3,2023-04-15,Oxford United,Bolton,0,1,-1,L,0.2641,0.2795,0.4563
174,194,22-23,ENG3,2023-04-15,Shrewsbury Town,Portsmouth,1,1,0,D,0.3721,0.2947,0.3332
175,195,22-23,ENG3,2023-04-18,Accrington,Peterborough United,1,2,-1,L,0.2041,0.2586,0.5373
176,196,22-23,ENG3,2023-04-18,Bristol Rovers,Sheffield Wednesday,1,2,-1,L,0.1989,0.2547,0.5464
177,197,22-23,ENG3,2023-04-18,Burton,Bolton,1,1,0,D,0.2415,0.2719,0.4866
178,198,22-23,ENG3,2023-04-18,Cambridge,Wycombe Wanderers,1,2,-1,L,0.2267,0.2681,0.5052
179,199,22-23,ENG3,2023-04-18,Exeter City,Derby County,1,2,-1,L,0.3663,0.2897,0.344
180,200,22-23,ENG3,2023-04-18,Forest Green,Fleetwood Town,0,0,0,D,0.2522,0.2867,0.4611
181,201,22-23,ENG3,2023-04-18,Ipswich Town,Port Vale,2,1,1,W,0.7214,0.174,0.1046
182,202,22-23,ENG3,2023-04-18,Lincoln,Barnsley,0,0,0,D,0.2637,0.2725,0.4638
183,203,22-23,ENG3,2023-04-18,Milton Keynes Dons,Charlton Athletic,0,1,-1,L,0.3231,0.2959,0.381
184,204,22-23,ENG3,2023-04-18,Oxford United,Portsmouth,1,1,0,D,0.3302,0.2949,0.3749
185,205,22-23,ENG3,2023-04-18,Shrewsbury Town,Plymouth Argyle,1,2,-1,L,0.2828,0.2776,0.4396
186,206,22-23,ENG4,2023-04-15,Carlisle,Northampton Town,0,0,0,D,0.4143,0.2765,0.3093
187,207,22-23,ENG4,2023-04-15,Crawley Town,Tranmere,2,1,1,W,0.3276,0.2972,0.3752
188,208,22-23,ENG4,2023-04-15,Crewe Alexandra,Walsall,2,0,2,W,0.3647,0.298,0.3373
189,209,22-23,ENG4,2023-04-15,Gillingham,Stockport County,1,1,0,D,0.2628,0.2806,0.4566
190,210,22-23,ENG4,2023-04-15,Stevenage,AFC Wimbledon,2,1,1,W,0.5438,0.2579,0.1983
191,211,22-23,ENG4,2023-04-15,Grimsby,Mansfield Town,1,1,0,D,0.3139,0.294,0.392
192,212,22-23,ENG4,2023-04-15,Harrogate Town,Doncaster Rovers,2,2,0,D,0.4323,0.2983,0.2693
193,213,22-23,ENG4,2023-04-15,Newport County,Hartlepool,2,0,2,W,0.473,0.2872,0.2399
194,214,22-23,ENG4,2023-04-15,Rochdale,Bradford,0,3,-3,L,0.232,0.2754,0.4926
195,215,22-23,ENG4,2023-04-15,Salford City,Colchester,0,1,-1,L,0.5516,0.2517,0.1967
196,216,22-23,ENG4,2023-04-15,Sutton United,Leyton Orient,0,2,-2,L,0.2772,0.2753,0.4475
197,217,22-23,ENG4,2023-04-15,Swindon Town,Barrow,0,0,0,D,0.4602,0.2851,0.2547
198,218,22-23,ENG4,2023-04-18,Carlisle,Stockport County,2,2,0,D,0.4407,0.2741,0.2853
199,219,22-23,ENG4,2023-04-18,Crawley Town,Colchester,0,0,0,D,0.3635,0.3048,0.3317
200,220,22-23,ENG4,2023-04-18,Gillingham,Leyton Orient,2,0,2,W,0.2233,0.264,0.5127
201,221,22-23,ENG4,2023-04-18,Stevenage,Doncaster Rovers,1,0,1,W,0.5946,0.2381,0.1673
202,222,22-23,ENG4,2023-04-18,Grimsby,Barrow,1,0,1,W,0.3874,0.2971,0.3155
203,223,22-23,ENG4,2023-04-18,Harrogate Town,Walsall,3,0,3,W,0.3479,0.2974,0.3547
204,224,22-23,ENG4,2023-04-18,Newport County,Mansfield Town,1,2,-1,L,0.2983,0.2919,0.4098
205,225,22-23,ENG4,2023-04-18,Rochdale,Tranmere,2,2,0,D,0.309,0.2949,0.396
206,226,22-23,ENG4,2023-04-18,Salford City,Hartlepool,2,0,2,W,0.6135,0.2271,0.1594
207,227,22-23,ENG4,2023-04-18,Sutton United,Northampton Town,1,2,-1,L,0.2995,0.2877,0.4128
208,228,22-23,ENG4,2023-04-18,Swindon Town,Bradford,1,0,1,W,0.3597,0.2921,0.3482
209,229,22-23,ENG5,2023-04-15,Aldershot,Scunthorpe United,2,1,1,W,0.4945,0.2814,0.2241
210,230,22-23,ENG5,2023-04-15,Boreham Wood,Wealdstone,1,0,1,W,0.5175,0.2645,0.218
211,231,22-23,ENG5,2023-04-15,Dorking Wanderers,Altrincham,3,2,1,W,0.368,0.2999,0.3321
212,232,22-23,ENG5,2023-04-15,Barnet,Wrexham,0,0,0,D,0.1908,0.2283,0.581
213,233,22-23,ENG5,2023-04-15,Chesterfield,Eastleigh,3,2,1,W,0.5305,0.2556,0.2139
214,234,22-23,ENG5,2023-04-15,Gateshead,Bromley,0,3,-3,L,0.3085,0.292,0.3995
215,235,22-23,ENG5,2023-04-15,Halifax,Maidstone,3,0,3,W,0.5888,0.2458,0.1654
216,236,22-23,ENG5,2023-04-15,Notts County,Woking,3,0,3,W,0.644,0.1955,0.1605
217,237,22-23,ENG5,2023-04-15,Oldham Athletic,Maidenhead United,1,0,1,W,0.4415,0.2951,0.2634
218,238,22-23,ENG5,2023-04-15,Solihull,Yeovil Town,2,2,0,D,0.5005,0.2771,0.2225
219,239,22-23,ENG5,2023-04-15,Southend,Dagenham and Redbridge,2,0,2,W,0.5096,0.2705,0.2198
220,240,22-23,ENG5,2023-04-15,Torquay,York City,3,2,1,W,0.3622,0.3054,0.3323
221,241,22-23,ENG5,2023-04-18,Wrexham,Yeovil Town,3,0,3,W,0.7791,0.1424,0.0785
222,242,22-23,ENG5,2023-04-18,Gateshead,Dorking Wanderers,0,0,0,D,0.4842,0.2836,0.2322
223,243,22-23,ENG5,2023-04-18,Oldham Athletic,Southend,2,0,2,W,0.336,0.2966,0.3674
224,244,22-23,ENG5,2023-04-18,Chesterfield,Torquay,5,1,4,W,0.627,0.222,0.1509
225,245,22-23,ENG5,2023-04-18,Halifax,Bromley,1,1,0,D,0.3238,0.2936,0.3826
226,246,22-23,ENG5,2023-04-18,Altrincham,Dagenham and Redbridge,2,2,0,D,0.4245,0.2979,0.2776
227,247,22-23,ENG5,2023-04-18,Barnet,Solihull,1,0,1,W,0.4591,0.282,0.2589
228,248,22-23,FRA1,2023-04-14,Toulouse,Olympique Lyonnais,1,2,-1,L,0.2265,0.2683,0.5052
229,249,22-23,FRA1,2023-04-15,Rennes,Stade de Reims,3,0,3,W,0.5219,0.2589,0.2192
230,250,22-23,FRA1,2023-04-15,Paris Saint-Germain,Lens,3,1,2,W,0.4885,0.2406,0.2709
231,251,22-23,FRA1,2023-04-16,Lille,Montpellier,2,1,1,W,0.6069,0.2304,0.1627
232,252,22-23,FRA1,2023-04-16,Auxerre,Nantes,2,1,1,W,0.3454,0.3008,0.3538
233,253,22-23,FRA1,2023-04-16,Clermont,Angers SCO,2,1,1,W,0.5049,0.2776,0.2175
234,254,22-23,FRA1,2023-04-16,RC Strasbourg,AC Ajaccio,3,1,2,W,0.5233,0.2717,0.205
235,255,22-23,FRA1,2023-04-16,Brest,Nice,1,0,1,W,0.289,0.2895,0.4215
236,256,22-23,FRA1,2023-04-16,Monaco,Lorient,3,1,2,W,0.6156,0.2197,0.1647
237,257,22-23,FRA1,2023-04-16,Olympique Marseille,Troyes,3,1,2,W,0.6961,0.1844,0.1196
238,258,22-23,FRA1,2023-04-21,Angers SCO,Paris Saint-Germain,1,2,-1,L,0.1014,0.1975,0.7012
239,259,22-23,FRA1,2023-04-22,Auxerre,Lille,1,1,0,D,0.2284,0.2699,0.5017
240,260,22-23,FRA1,2023-04-22,Lens,Monaco,3,0,3,W,0.4449,0.2615,0.2936
241,261,22-23,FRA1,2023-04-23,Stade de Reims,RC Strasbourg,0,2,-2,L,0.5278,0.2633,0.209
242,262,22-23,FRA1,2023-04-23,AC Ajaccio,Brest,0,0,0,D,0.3265,0.3039,0.3696
243,263,22-23,FRA1,2023-04-23,Lorient,Toulouse,0,1,-1,L,0.5403,0.2638,0.1959
244,264,22-23,FRA1,2023-04-23,Nantes,Troyes,2,2,0,D,0.4881,0.2821,0.2298
245,265,22-23,FRA1,2023-04-23,Nice,Clermont,1,2,-1,L,0.5539,0.2553,0.1908
246,266,22-23,FRA1,2023-04-23,Montpellier,Rennes,1,0,1,W,0.2255,0.2629,0.5116
247,267,22-23,FRA1,2023-04-23,Olympique Lyonnais,Olympique Marseille,1,2,-1,L,0.3226,0.2761,0.4014
248,268,22-23,FRA2,2023-04-15,FC Metz,Bordeaux,3,0,3,W,0.4585,0.2634,0.2781
249,269,22-23,FRA2,2023-04-15,Guingamp,Amiens SC,3,1,2,W,0.4826,0.2777,0.2397
250,270,22-23,FRA2,2023-04-15,Sochaux,FC Pau,2,3,-1,L,0.6278,0.2216,0.1507
251,271,22-23,FRA2,2023-04-15,Valenciennes,Chamois Niortais,0,0,0,D,0.4876,0.2827,0.2297
252,272,22-23,FRA2,2023-04-15,Nimes Olympique,Havre AC,0,1,-1,L,0.2471,0.276,0.4769
253,273,22-23,FRA2,2023-04-15,Rodez AF,Laval,1,0,1,W,0.4657,0.2901,0.2442
254,274,22-23,FRA2,2023-04-15,SC Bastia,Annecy,3,0,3,W,0.5043,0.2734,0.2223
255,275,22-23,FRA2,2023-04-15,Caen,Paris FC,3,1,2,W,0.4907,0.2747,0.2346
256,276,22-23,FRA2,2023-04-15,US Quevilly,Dijon,2,2,0,D,0.4725,0.287,0.2405
257,277,22-23,FRA2,2023-04-17,Grenoble,St Etienne,0,2,-2,L,0.411,0.2892,0.2998
258,278,22-23,FRA2,2023-04-22,St Etienne,FC Metz,1,3,-2,L,0.3053,0.2784,0.4163
259,279,22-23,FRA2,2023-04-22,Havre AC,US Quevilly,0,0,0,D,0.5374,0.2561,0.2066
260,280,22-23,FRA2,2023-04-22,Dijon,SC Bastia,1,1,0,D,0.3157,0.2944,0.39
261,281,22-23,FRA2,2023-04-22,Annecy,Rodez AF,0,3,-3,L,0.409,0.3037,0.2873
262,282,22-23,FRA2,2023-04-22,Chamois Niortais,Caen,1,2,-1,L,0.2603,0.276,0.4637
263,283,22-23,FRA2,2023-04-22,Paris FC,Nimes Olympique,3,0,3,W,0.508,0.2739,0.2181
264,284,22-23,FRA2,2023-04-22,FC Pau,Guingamp,2,1,1,W,0.2987,0.2958,0.4055
265,285,22-23,FRA2,2023-04-22,Amiens SC,Valenciennes,0,2,-2,L,0.4405,0.2941,0.2654
266,286,22-23,FRA2,2023-04-22,Laval,Sochaux,2,1,1,W,0.2181,0.262,0.5199
267,287,22-23,FRA3,2023-04-14,Nancy,Red Star,1,4,-3,L,0.2806,0.2818,0.4375
268,288,22-23,FRA3,2023-04-14,Bastia-Borgo,CS Sedan,1,1,0,D,0.3238,0.2999,0.3763
269,289,22-23,FRA3,2023-04-14,Bourg Peronnas,Le Puy,2,0,2,W,0.4672,0.2885,0.2443
270,290,22-23,FRA3,2023-04-14,Le Mans,LB Chateauroux,1,1,0,D,0.4004,0.2959,0.3037
271,291,22-23,FRA3,2023-04-14,SO Cholet,Briochin,0,1,-1,L,0.3043,0.2974,0.3983
272,292,22-23,FRA3,2023-04-14,US Concarneau,Paris 13 Atletico,3,0,3,W,0.5838,0.242,0.1741
273,293,22-23,FRA3,2023-04-14,Orleans,FC Martigues,1,4,-3,L,0.4027,0.2909,0.3064
274,294,22-23,FRA3,2023-04-14,USL Dunkerque,US Avranches,2,0,2,W,0.5001,0.2699,0.2301
275,295,22-23,FRA3,2023-04-14,FC Versailles,Villefranche Beaujolais,1,0,1,W,0.43,0.2886,0.2814
276,296,22-23,FRA3,2023-04-21,Bourg Peronnas,Le Mans,1,1,0,D,0.4196,0.2888,0.2916
277,297,22-23,FRA3,2023-04-21,CS Sedan,FC Versailles,1,2,-1,L,0.3457,0.2942,0.3602
278,298,22-23,FRA3,2023-04-21,FC Martigues,USL Dunkerque,1,0,1,W,0.3656,0.2919,0.3425
279,299,22-23,FRA3,2023-04-21,Red Star,Bastia-Borgo,1,0,1,W,0.6721,0.2005,0.1274
280,300,22-23,FRA3,2023-04-21,Le Puy,Orleans,0,1,-1,L,0.3338,0.2994,0.3667
281,301,22-23,FRA3,2023-04-21,Paris 13 Atletico,Nancy,2,2,0,D,0.3584,0.3022,0.3394
282,302,22-23,FRA3,2023-04-21,Briochin,LB Chateauroux,2,1,1,W,0.4193,0.2889,0.2918
283,303,22-23,FRA3,2023-04-21,US Avranches,US Concarneau,0,3,-3,L,0.3316,0.2879,0.3805
284,304,22-23,FRA3,2023-04-21,Villefranche Beaujolais,SO Cholet,0,0,0,D,0.5129,0.2705,0.2166
285,305,22-23,GER1,2023-04-14,Schalke 04,Hertha Berlin,5,2,3,W,0.374,0.3015,0.3245
286,306,22-23,GER1,2023-04-15,VfB Stuttgart,Dortmund,3,3,0,D,0.234,0.266,0.5
287,307,22-23,GER1,2023-04-15,FC Koln,Mainz 05,1,1,0,D,0.3748,0.2945,0.3308
288,308,22-23,GER1,2023-04-15,Bayern Munich,Hoffenheim,1,1,0,D,0.7685,0.1501,0.0814
289,309,22-23,GER1,2023-04-15,RB Leipzig,Augsburg,3,2,1,W,0.6728,0.1998,0.1274
290,310,22-23,GER1,2023-04-15,Eintracht Frankfurt,Monchengladbach,1,1,0,D,0.4504,0.2823,0.2673
291,311,22-23,GER1,2023-04-16,Werder Bremen,Freiburg,1,2,-1,L,0.2666,0.282,0.4514
292,312,22-23,GER1,2023-04-16,Union Berlin,Bochum,1,1,0,D,0.6574,0.2093,0.1333
293,313,22-23,GER1,2023-04-16,Wolfsburg,Leverkusen,0,0,0,D,0.3397,0.2828,0.3775
294,314,22-23,GER1,2023-04-21,Augsburg,VfB Stuttgart,1,1,0,D,0.4389,0.2965,0.2646
295,315,22-23,GER1,2023-04-22,Mainz 05,Bayern Munich,3,1,2,W,0.2218,0.2458,0.5324
296,316,22-23,GER1,2023-04-22,Hoffenheim,FC Koln,1,3,-2,L,0.3508,0.299,0.3502
297,317,22-23,GER1,2023-04-22,Bochum,Wolfsburg,1,5,-4,L,0.2692,0.2808,0.45
298,318,22-23,GER1,2023-04-22,Hertha Berlin,Werder Bremen,2,4,-2,L,0.3902,0.3043,0.3056
299,319,22-23,GER1,2023-04-22,Dortmund,Eintracht Frankfurt,4,0,4,W,0.5402,0.2539,0.2058
300,320,22-23,GER1,2023-04-23,Freiburg,Schalke 04,4,0,4,W,0.6691,0.2063,0.1247
301,321,22-23,GER1,2023-04-23,Leverkusen,RB Leipzig,2,0,2,W,0.3786,0.2658,0.3556
302,322,22-23,GER1,2023-04-23,Monchengladbach,Union Berlin,0,1,-1,L,0.3803,0.2867,0.3329
303,323,22-23,GER2,2023-04-14,Hannover 96,Heidenheim,0,3,-3,L,0.3282,0.2829,0.3889
304,324,22-23,GER2,2023-04-14,Greuther Furth,Jahn Regensburg,2,1,1,W,0.5461,0.2613,0.1926
305,325,22-23,GER2,2023-04-15,Holstein Kiel,Nurnberg,2,1,1,W,0.5114,0.2731,0.2155
306,326,22-23,GER2,2023-04-15,Paderborn,Hansa Rostock,3,0,3,W,0.5882,0.2418,0.17
307,327,22-23,GER2,2023-04-15,Magdeburg,Sandhausen,1,2,-1,L,0.4201,0.3013,0.2787
308,328,22-23,GER2,2023-04-15,Kaiserslautern,Hamburger SV,2,0,2,W,0.3071,0.2761,0.4168
309,329,22-23,GER2,2023-04-16,Karlsruher SC,Arminia Bielefeld,4,2,2,W,0.3608,0.2956,0.3435
310,330,22-23,GER2,2023-04-16,Fortuna Dusseldorf,Darmstadt 98,1,0,1,W,0.4248,0.274,0.3012
311,331,22-23,GER2,2023-04-16,St Pauli,Braunschweig,1,2,-1,L,0.5899,0.24,0.1701
312,332,22-23,GER2,2023-04-21,Hamburger SV,St Pauli,4,3,1,W,0.5355,0.2506,0.2139
313,333,22-23,GER2,2023-04-21,Darmstadt 98,Karlsruher SC,2,1,1,W,0.5652,0.2462,0.1886
314,334,22-23,GER2,2023-04-22,Hansa Rostock,Greuther Furth,2,0,2,W,0.3133,0.2928,0.3938
315,335,22-23,GER2,2023-04-22,Nurnberg,Fortuna Dusseldorf,2,0,2,W,0.2575,0.2736,0.4689
316,336,22-23,GER2,2023-04-22,Arminia Bielefeld,Hannover 96,1,3,-2,L,0.4814,0.2795,0.2392
317,337,22-23,GER2,2023-04-22,Braunschweig,Magdeburg,1,2,-1,L,0.4022,0.3019,0.2959
318,338,22-23,GER2,2023-04-23,Sandhausen,Paderborn,2,2,0,D,0.2745,0.2807,0.4447
319,339,22-23,GER2,2023-04-23,Heidenheim,Holstein Kiel,3,0,3,W,0.5403,0.2575,0.2022
320,340,22-23,GER2,2023-04-23,Jahn Regensburg,Kaiserslautern,0,0,0,D,0.2714,0.2864,0.4421
321,341,22-23,GER3,2023-04-14,Saarbrucken,Dynamo Dresden,2,0,2,W,0.3768,0.2821,0.3411
322,342,22-23,GER3,2023-04-15,Ingolstadt,VfB Oldenburg,0,2,-2,L,0.5311,0.2668,0.2021
323,343,22-23,GER3,2023-04-15,Wehen Wiesbaden,Munich 1860,2,0,2,W,0.4557,0.2782,0.2661
324,344,22-23,GER3,2023-04-15,Osnabruck,Elversberg,1,0,1,W,0.3654,0.2733,0.3612
325,345,22-23,GER3,2023-04-15,Dortmund II,SV Meppen,1,0,1,W,0.4725,0.2885,0.239
326,346,22-23,GER3,2023-04-15,SpVgg Bayreuth,Hallescher FC,0,1,-1,L,0.3532,0.3013,0.3455
327,347,22-23,GER3,2023-04-15,Erzgebirge Aue,Verl,2,3,-1,L,0.4217,0.2894,0.2889
328,348,22-23,GER3,2023-04-16,Freiburg II,Zwickau,4,0,4,W,0.5977,0.2367,0.1656
329,349,22-23,GER3,2023-04-16,RW Essen,Mannheim,0,3,-3,L,0.3515,0.2924,0.3561
330,350,22-23,GER3,2023-04-17,Viktoria Koln,MSV Duisburg,2,2,0,D,0.4639,0.2864,0.2498
331,351,22-23,GER3,2023-04-21,Hallescher FC,Osnabruck,0,1,-1,L,0.2949,0.2893,0.4158
332,352,22-23,GER3,2023-04-22,MSV Duisburg,Wehen Wiesbaden,1,1,0,D,0.2963,0.2872,0.4165
333,353,22-23,GER3,2023-04-22,Elversberg,Erzgebirge Aue,0,1,-1,L,0.5477,0.2502,0.2021
334,354,22-23,GER3,2023-04-22,Viktoria Koln,Ingolstadt,3,1,2,W,0.4326,0.2937,0.2736
335,355,22-23,GER3,2023-04-22,Dynamo Dresden,Mannheim,2,1,1,W,0.5059,0.2604,0.2337
336,356,22-23,GER3,2023-04-22,VfB Oldenburg,Freiburg II,0,0,0,D,0.2355,0.2707,0.4938
337,357,22-23,GER3,2023-04-22,Munich 1860,SpVgg Bayreuth,2,0,2,W,0.6156,0.2289,0.1555
338,358,22-23,GER3,2023-04-23,SV Meppen,Saarbrucken,1,0,1,W,0.2243,0.2718,0.5039
339,360,22-23,GER3,2023-04-24,Verl,Dortmund II,2,1,1,W,0.537,0.2632,0.1999
340,361,22-23,GRE1,2023-04-22,Levadeiakos,Ionikos,2,2,0,D,0.3302,0.3013,0.3685
341,362,22-23,GRE1,2023-04-22,OFI Heraklion,Asteras Tripolis,1,1,0,D,0.4236,0.2984,0.278
342,363,22-23,GRE1,2023-04-22,Giannina,Panetolikos,3,2,1,W,0.352,0.3072,0.3408
343,364,22-23,GRE1,2023-04-22,Lamia FC,Atromitos,1,0,1,W,0.2708,0.2864,0.4428
344,365,22-23,GRE1,2023-04-22,Volos NFC,Aris,0,3,-3,L,0.2922,0.2851,0.4227
345,366,22-23,GRE1,2023-04-22,Olympiakos Piraeus,AEK,1,3,-2,L,0.4482,0.2518,0.3
346,367,22-23,GRE1,2023-04-22,PAOK,Panathinaikos,1,2,-1,L,0.3701,0.2638,0.3661
347,368,22-23,GRE1,2023-04-26,AEK,PAOK,4,0,4,W,0.4896,0.2553,0.2551
348,369,22-23,GRE1,2023-04-26,Aris,Olympiakos Piraeus,2,1,1,W,0.3057,0.2663,0.428
349,370,22-23,GRE1,2023-04-26,Volos NFC,Panathinaikos,0,2,-2,L,0.2126,0.2591,0.5283
350,371,22-23,HOL1,2023-04-14,Excelsior,Go Ahead Eagles,2,1,1,W,0.3234,0.2976,0.379
351,372,22-23,HOL1,2023-04-15,Waalwijk,Groningen,2,1,1,W,0.5928,0.242,0.1653
352,373,22-23,HOL1,2023-04-15,Sparta Rotterdam,Heerenveen,4,0,4,W,0.4997,0.2736,0.2267
353,374,22-23,HOL1,2023-04-16,NEC Nijmegen,Vitesse,1,4,-3,L,0.4729,0.2873,0.2398
354,375,22-23,HOL1,2023-04-16,Utrecht,Twente Enschede,1,0,1,W,0.2594,0.2667,0.4739
355,376,22-23,HOL1,2023-04-16,Volendam,PSV Eindhoven,2,3,-1,L,0.1531,0.2262,0.6208
356,377,22-23,HOL1,2023-04-16,For Sittard,AZ Alkmaar,0,3,-3,L,0.2206,0.269,0.5104
357,378,22-23,HOL1,2023-04-16,Cambuur,Feyenoord Rotterdam,0,3,-3,L,0.1072,0.2001,0.6926
358,379,22-23,HOL1,2023-04-16,Ajax Amsterdam,FC Emmen,3,1,2,W,0.7577,0.1535,0.0889
359,380,22-23,HOL1,2023-04-19,Go Ahead Eagles,Waalwijk,3,2,1,W,0.36,0.2974,0.3426
360,381,22-23,HOL1,2023-04-21,Volendam,Cambuur,2,0,2,W,0.4767,0.2871,0.2362
361,382,22-23,HOL1,2023-04-22,Heerenveen,FC Emmen,2,3,-1,L,0.4626,0.2879,0.2495
362,383,22-23,HOL1,2023-04-22,Groningen,NEC Nijmegen,0,1,-1,L,0.2948,0.2946,0.4106
363,384,22-23,HOL1,2023-04-22,Vitesse,Excelsior,0,0,0,D,0.5053,0.2773,0.2174
364,385,22-23,HOL1,2023-04-23,Twente Enschede,Sparta Rotterdam,3,3,0,D,0.5389,0.2513,0.2098
365,386,22-23,HOL1,2023-04-23,Go Ahead Eagles,For Sittard,2,0,2,W,0.4281,0.2995,0.2724
366,387,22-23,HOL1,2023-04-23,PSV Eindhoven,Ajax Amsterdam,3,0,3,W,0.4151,0.2453,0.3395
367,388,22-23,HOL1,2023-04-23,Feyenoord Rotterdam,Utrecht,3,1,2,W,0.6885,0.1852,0.1262
368,389,22-23,HOL1,2023-04-23,AZ Alkmaar,Waalwijk,3,0,3,W,0.5614,0.2422,0.1964
369,390,22-23,ISR1,2023-04-15,Hapoel Haifa,Hapoel Tel Aviv,1,0,1,W,0.457,0.2918,0.2512
370,391,22-23,ISR1,2023-04-15,Hapoel Hadera,Ironi Kiryat Shmona,1,1,0,D,0.3922,0.3036,0.3043
371,392,22-23,ISR1,2023-04-15,FS Ness Ziona,Maccabi Bnei Raina FC,1,2,-1,L,0.3702,0.3071,0.3227
372,393,22-23,ISR1,2023-04-15,Hapoel Jerusalem,Maccabi Haifa,2,1,1,W,0.2787,0.2715,0.4498
373,394,22-23,ISR1,2023-04-15,Maccabi Tel Aviv,FC Ashdod,1,1,0,D,0.7016,0.1821,0.1163
374,395,22-23,ISR1,2023-04-16,Bnei Sachnin FC,Beitar Jerusalem,4,3,1,W,0.3932,0.297,0.3097
375,396,22-23,ISR1,2023-04-16,Maccabi Netanya,Hapoel Beer Sheva,1,1,0,D,0.1576,0.2345,0.608
376,397,22-23,ISR1,2023-04-22,Hapoel Tel Aviv,Maccabi Bnei Raina FC,1,2,-1,L,0.4609,0.2921,0.247
377,398,22-23,ISR1,2023-04-22,Ironi Kiryat Shmona,FS Ness Ziona,1,1,0,D,0.4962,0.2806,0.2232
378,399,22-23,ISR1,2023-04-22,Hapoel Haifa,Bnei Sachnin FC,2,2,0,D,0.3813,0.3021,0.3166
379,400,22-23,ISR1,2023-04-22,Hapoel Jerusalem,Hapoel Beer Sheva,1,2,-1,L,0.2235,0.2588,0.5177
380,401,22-23,ISR1,2023-04-22,Maccabi Netanya,Maccabi Tel Aviv,0,0,0,D,0.134,0.2131,0.6529
381,402,22-23,ISR1,2023-04-23,Beitar Jerusalem,Hapoel Hadera,2,1,1,W,0.4958,0.2775,0.2266
382,403,22-23,ISR1,2023-04-23,FC Ashdod,Maccabi Haifa,1,2,-1,L,0.2838,0.2753,0.4409
383,404,22-23,ITA1,2023-04-14,Cremonese,Empoli,1,0,1,W,0.3231,0.302,0.3749
384,405,22-23,ITA1,2023-04-14,Spezia,Lazio,0,3,-3,L,0.1702,0.2461,0.5836
385,406,22-23,ITA1,2023-04-15,Bologna,AC Milan,1,1,0,D,0.2962,0.2795,0.4243
386,407,22-23,ITA1,2023-04-15,Napoli,Hellas Verona,0,0,0,D,0.7792,0.1406,0.0802
387,408,22-23,ITA1,2023-04-15,Internazionale Milano,Monza,0,1,-1,L,0.6332,0.2191,0.1477
388,409,22-23,ITA1,2023-04-16,Lecce,Sampdoria,1,1,0,D,0.4894,0.2828,0.2278
389,410,22-23,ITA1,2023-04-16,Torino,Salernitana,1,1,0,D,0.4614,0.2893,0.2493
390,411,22-23,ITA1,2023-04-16,Sassuolo,Juventus,1,0,1,W,0.2532,0.2716,0.4752
391,412,22-23,ITA1,2023-04-16,Roma,Udinese,3,0,3,W,0.463,0.2757,0.2613
392,413,22-23,ITA1,2023-04-17,Fiorentina,Atalanta,1,1,0,D,0.3593,0.2935,0.3472
393,414,22-23,ITA1,2023-04-21,Hellas Verona,Bologna,2,1,1,W,0.3199,0.2938,0.3862
394,415,22-23,ITA1,2023-04-22,Salernitana,Sassuolo,3,0,3,W,0.3657,0.3035,0.3308
395,416,22-23,ITA1,2023-04-22,Lazio,Torino,0,1,-1,L,0.5816,0.2351,0.1833
396,417,22-23,ITA1,2023-04-22,Sampdoria,Spezia,1,1,0,D,0.3984,0.3026,0.299
397,418,22-23,ITA1,2023-04-23,Empoli,Internazionale Milano,0,3,-3,L,0.2172,0.2603,0.5226
398,419,22-23,ITA1,2023-04-23,Monza,Fiorentina,3,2,1,W,0.3591,0.301,0.3399
399,420,22-23,ITA1,2023-04-23,Udinese,Cremonese,3,0,3,W,0.6617,0.2091,0.1292
400,421,22-23,ITA1,2023-04-23,AC Milan,Lecce,2,0,2,W,0.6471,0.2124,0.1405
401,422,22-23,ITA1,2023-04-23,Juventus,Napoli,0,1,-1,L,0.2888,0.2531,0.4581
402,423,22-23,ITA1,2023-04-24,Atalanta,Roma,3,1,2,W,0.3745,0.281,0.3445
403,424,22-23,ITA2,2023-04-14,Modena,Parma,1,1,0,D,0.3353,0.2981,0.3667
404,425,22-23,ITA2,2023-04-15,Ascoli,FC Sudtirol,1,0,1,W,0.3471,0.2972,0.3558
405,426,22-23,ITA2,2023-04-15,Benevento,Reggina,1,1,0,D,0.3895,0.3027,0.3078
406,427,22-23,ITA2,2023-04-15,Genoa,Perugia,2,0,2,W,0.5868,0.2374,0.1759
407,428,22-23,ITA2,2023-04-15,Cosenza,Cittadella,1,1,0,D,0.4165,0.2989,0.2846
408,429,22-23,ITA2,2023-04-15,Venezia,Palermo,3,2,1,W,0.373,0.2944,0.3326
409,430,22-23,ITA2,2023-04-15,SPAL Ferrara,Brescia,2,2,0,D,0.4478,0.2951,0.2571
410,431,22-23,ITA2,2023-04-15,Bari 1908,Como,2,2,0,D,0.5566,0.2489,0.1945
411,432,22-23,ITA2,2023-04-15,Cagliari,Frosinone,0,0,0,D,0.3686,0.2684,0.363
412,433,22-23,ITA2,2023-04-16,Ternana,Pisa,2,1,1,W,0.3447,0.2933,0.362
413,434,22-23,ITA2,2023-04-21,Reggina,Brescia,1,2,-1,L,0.4705,0.2884,0.2411
414,435,22-23,ITA2,2023-04-22,Perugia,Cosenza,0,0,0,D,0.5,0.2744,0.2256
415,436,22-23,ITA2,2023-04-22,Cittadella,Genoa,0,1,-1,L,0.2331,0.2688,0.4981
416,437,22-23,ITA2,2023-04-22,Como,Ascoli,1,1,0,D,0.4081,0.2999,0.292
417,438,22-23,ITA2,2023-04-22,Modena,SPAL Ferrara,0,0,0,D,0.4261,0.2992,0.2748
418,439,22-23,ITA2,2023-04-22,Frosinone,FC Sudtirol,0,0,0,D,0.5481,0.2482,0.2037
419,440,22-23,ITA2,2023-04-22,Parma,Cagliari,2,1,1,W,0.3562,0.286,0.3578
420,441,22-23,ITA2,2023-04-22,Palermo,Benevento,1,1,0,D,0.491,0.2794,0.2296
421,442,22-23,ITA2,2023-04-23,Pisa,Bari 1908,1,2,-1,L,0.3617,0.2829,0.3554
422,443,22-23,ITA2,2023-04-23,Ternana,Venezia,1,4,-3,L,0.4138,0.3003,0.2859
423,444,23-24,JPN1,2023-04-15,Albirex,Avispa,3,2,1,W,0.3155,0.2986,0.3859
424,445,23-24,JPN1,2023-04-15,Yokohama FC,Sanfrecce,0,3,-3,L,0.205,0.256,0.539
425,446,23-24,JPN1,2023-04-15,Kawasaki Frontale,Nagoya Grampus,1,2,-1,L,0.526,0.2601,0.2139
426,447,23-24,JPN1,2023-04-15,Sagan Tosu,Kashiwa Reysol,1,1,0,D,0.4477,0.2944,0.2579
427,448,23-24,JPN1,2023-04-15,Shonan Bellmare,Yokohama Marinos,1,1,0,D,0.2227,0.2606,0.5167
428,449,23-24,JPN1,2023-04-15,Red Diamonds,Hokkaido Sapporo,4,1,3,W,0.5206,0.268,0.2113
429,450,23-24,JPN1,2023-04-15,FC Tokyo,Cerezo Osaka,1,2,-1,L,0.4258,0.2906,0.2836
430,451,23-24,JPN1,2023-04-15,Kashima Antlers,Vissel Kobe,1,5,-4,L,0.4396,0.2875,0.2729
431,452,23-24,JPN1,2023-04-15,Kyoto Sanga,Gamba Osaka,2,1,1,W,0.4571,0.2923,0.2507
432,453,23-24,JPN1,2023-04-22,Sanfrecce,FC Tokyo,1,2,-1,L,0.4874,0.2713,0.2413
433,454,23-24,JPN1,2023-04-22,Vissel Kobe,Yokohama Marinos,2,3,-1,L,0.2545,0.2661,0.4794
434,455,23-24,JPN1,2023-04-23,Albirex,Kashima Antlers,0,2,-2,L,0.2489,0.2862,0.4649
435,456,23-24,JPN1,2023-04-23,Cerezo Osaka,Kashiwa Reysol,1,0,1,W,0.5048,0.2738,0.2214
436,457,23-24,JPN1,2023-04-23,Hokkaido Sapporo,Avispa,2,2,0,D,0.4134,0.3004,0.2862
437,458,23-24,JPN1,2023-04-23,Kyoto Sanga,Sagan Tosu,2,3,-1,L,0.3987,0.3003,0.301
438,459,23-24,JPN1,2023-04-23,Nagoya Grampus,Shonan Bellmare,2,2,0,D,0.4449,0.2919,0.2632
439,460,23-24,JPN1,2023-04-23,Gamba Osaka,Yokohama FC,1,1,0,D,0.5236,0.2715,0.2049
440,461,23-24,JPN1,2023-04-23,Kawasaki Frontale,Red Diamonds,1,1,0,D,0.5145,0.2599,0.2255
441,462,23-24,JPN2,2023-04-16,Ventforet Kofu,Tochigi SC,1,0,1,W,0.4531,0.291,0.2559
442,463,23-24,JPN2,2023-04-16,Blaublitz,Omiya Ardija,2,1,1,W,0.4334,0.2921,0.2745
443,464,23-24,JPN2,2023-04-16,Iwaki FC,Thespakusatsu,2,1,1,W,0.4716,0.2845,0.2439
444,465,23-24,JPN2,2023-04-16,JEF United,Tokyo Verdy,1,0,1,W,0.3467,0.2939,0.3593
445,466,23-24,JPN2,2023-04-16,Machida Zelvia,Oita Trinita,3,1,2,W,0.3714,0.2927,0.3359
446,467,23-24,JPN2,2023-04-16,Montedio Yamagata,Zweigen,0,1,-1,L,0.5661,0.2494,0.1845
447,468,23-24,JPN2,2023-04-16,Renofa Yamaguchi,Shimizu Pulse,0,6,-6,L,0.2034,0.2554,0.5413
448,469,23-24,JPN2,2023-04-16,Tokushima Vortis,Varen Nagasaki,0,4,-4,L,0.4608,0.2863,0.2529
449,470,23-24,JPN2,2023-04-16,Vegalta Sendai,Fagiano,1,1,0,D,0.3332,0.2833,0.3835
450,471,23-24,JPN2,2023-04-16,HollyHock,Fujieda MyFC,1,4,-3,L,0.4047,0.3015,0.2938
451,472,23-24,JPN2,2023-04-16,Jubilo Iwata,Roasso Kumamoto,1,1,0,D,0.5147,0.2554,0.2299
452,473,23-24,KOR1,2023-04-15,Suwon Bluewings,Jeju United,2,3,-1,L,0.3706,0.3042,0.3252
453,474,23-24,KOR1,2023-04-15,Pohang Steelers,FC Seoul,1,1,0,D,0.5087,0.2708,0.2206
454,475,23-24,KOR1,2023-04-15,Suwon City FC,Jeonbuk FC,1,0,1,W,0.2898,0.2903,0.4199
455,476,23-24,KOR1,2023-04-16,Gangwon FC,Incheon United,0,2,-2,L,0.3897,0.2996,0.3107
456,477,23-24,KOR1,2023-04-16,Daejeon Citizen,Ulsan Hyundai,2,1,1,W,0.1827,0.2491,0.5682
457,478,23-24,KOR1,2023-04-16,Daegu FC,Gwangju FC,3,4,-1,L,0.4579,0.2884,0.2537
458,479,23-24,KOR1,2023-04-22,FC Seoul,Suwon Bluewings,3,1,2,W,0.4376,0.2962,0.2661
459,480,23-24,KOR1,2023-04-22,Daegu FC,Daejeon Citizen,1,0,1,W,0.5599,0.2558,0.1844
460,481,23-24,KOR1,2023-04-22,Ulsan Hyundai,Pohang Steelers,2,2,0,D,0.5168,0.2551,0.228
461,482,23-24,KOR1,2023-04-22,Incheon United,Suwon City FC,2,2,0,D,0.4706,0.2862,0.2432
462,483,23-24,KOR1,2023-04-23,Gwangju FC,Gangwon FC,0,0,0,D,0.4247,0.2984,0.277
463,484,23-24,KOR1,2023-04-23,Jeju United,Jeonbuk FC,0,2,-2,L,0.3196,0.2927,0.3877
464,485,22-23,MAR1,2023-04-15,Raja Casablanca,Jeunesse Sportive Soualem,0,0,0,D,0.5705,0.2472,0.1823
465,486,22-23,MAR1,2023-04-15,Renaissance de Berkane,FUS de Rabat,1,0,1,W,0.3035,0.2863,0.4102
466,487,22-23,MAR1,2023-04-15,Mouloudia Oujda,Maghrib de Fes,2,1,1,W,0.3374,0.2926,0.37
467,488,22-23,MAR1,2023-04-15,Ittihad Tanger,Olympique de Khouribga,3,0,3,W,0.3514,0.3052,0.3434
468,489,22-23,MAR1,2023-04-15,FAR de Rabat,Moghreb de Tetouan,2,1,1,W,0.6343,0.2183,0.1474
469,490,22-23,MAR1,2023-04-15,SC Chabab Mohammedia,Hassania US Agadir,1,2,-1,L,0.3882,0.3041,0.3077
470,491,22-23,MAR1,2023-04-15,Difaa Jadida,Olympique de Safi,0,1,-1,L,0.3055,0.291,0.4036
471,492,22-23,MAR1,2023-04-15,Union de Touarga,Wydad AC,1,2,-1,L,0.2855,0.2789,0.4356
472,493,22-23,MAR1,2023-04-22,FUS de Rabat,Difaa Jadida,5,0,5,W,0.6158,0.2251,0.1591
473,494,22-23,MAR1,2023-04-22,Jeunesse Sportive Soualem,Union de Touarga,2,2,0,D,0.3942,0.2993,0.3064
474,496,22-23,MAR1,2023-04-22,Olympique de Safi,SC Chabab Mohammedia,0,0,0,D,0.5218,0.2673,0.211
475,497,22-23,MAR1,2023-04-22,Hassania US Agadir,Moghreb de Tetouan,1,0,1,W,0.4398,0.297,0.2632
476,498,22-23,MAR1,2023-04-22,Olympique de Khouribga,Mouloudia Oujda,1,1,0,D,0.353,0.3049,0.3421
477,499,22-23,MAR1,2023-04-22,Ittihad Tanger,Renaissance de Berkane,2,1,1,W,0.3059,0.2921,0.402
478,501,22-23,MEX1,2023-04-14,Atletico San Luis,FC Juarez,2,0,2,W,0.4824,0.284,0.2336
479,502,22-23,MEX1,2023-04-15,Club Necaxa,Puebla FC,1,1,0,D,0.4263,0.299,0.2748
480,503,22-23,MEX1,2023-04-15,Mazatlan,Club Tijuana,1,2,-1,L,0.4428,0.2945,0.2627
481,504,22-23,MEX1,2023-04-16,Atlas Guadalajara,CF Pachuca,4,1,3,W,0.258,0.2768,0.4652
482,505,22-23,MEX1,2023-04-16,Club Leon,Deportivo Guadalajara,0,2,-2,L,0.363,0.2985,0.3385
483,506,22-23,MEX1,2023-04-16,Cruz Azul,Club de Futbol America,1,3,-2,L,0.2547,0.2738,0.4715
484,507,22-23,MEX1,2023-04-16,Pumas de la UNAM,Deportivo Toluca,3,1,2,W,0.2715,0.2815,0.447
485,508,22-23,MEX1,2023-04-17,Gallos Blancos Queretaro FC,Tigres de la Universidad Autonoma,0,0,0,D,0.2595,0.2792,0.4614
486,509,22-23,MEX1,2023-04-17,CF Monterrey,Santos Laguna,1,2,-1,L,0.5431,0.2469,0.21
487,510,22-23,MEX1,2023-04-21,Tigres de la Universidad Autonoma,Puebla FC,1,0,1,W,0.5353,0.2603,0.2044
488,511,22-23,MEX1,2023-04-22,Club Necaxa,Atlas Guadalajara,1,3,-2,L,0.4233,0.2986,0.278
489,512,22-23,MEX1,2023-04-22,Mazatlan,CF Monterrey,0,2,-2,L,0.2045,0.2572,0.5382
490,513,22-23,MEX1,2023-04-22,Club Tijuana,Club Leon,0,0,0,D,0.3308,0.2966,0.3726
491,514,22-23,MEX1,2023-04-23,CF Pachuca,Atletico San Luis,2,1,1,W,0.6097,0.2289,0.1615
492,515,22-23,MEX1,2023-04-23,Deportivo Guadalajara,Cruz Azul,2,1,1,W,0.4731,0.2798,0.2471
493,516,22-23,MEX1,2023-04-23,Club de Futbol America,Pumas de la UNAM,1,1,0,D,0.6917,0.1893,0.119
494,517,22-23,MEX1,2023-04-23,Deportivo Toluca,FC Juarez,1,1,0,D,0.5968,0.2374,0.1657
495,518,22-23,MEX1,2023-04-24,Santos Laguna,Gallos Blancos Queretaro FC,0,2,-2,L,0.6101,0.2324,0.1575
496,519,22-23,POR1,2023-04-16,Famalicao,Guimaraes,2,1,1,W,0.4185,0.295,0.2866
497,520,22-23,POR1,2023-04-16,Porto,Santa Clara,2,1,1,W,0.8084,0.1272,0.0644
498,521,22-23,POR1,2023-04-16,Rio Ave,Casa Pia AC,1,1,0,D,0.3922,0.3012,0.3066
499,522,22-23,POR1,2023-04-16,Vizela,Boavista,1,1,0,D,0.4677,0.2889,0.2434
500,523,22-23,POR1,2023-04-16,Chaves,Benfica,1,0,1,W,0.1203,0.2039,0.6759
501,524,22-23,POR1,2023-04-16,Estoril,Portimonense,0,1,-1,L,0.4126,0.301,0.2864
502,525,22-23,POR1,2023-04-16,Maritimo,Pacos Ferreira,3,1,2,W,0.4267,0.3004,0.2729
503,526,22-23,POR1,2023-04-16,Sporting Braga,Gil Vicente,1,0,1,W,0.6427,0.2099,0.1475
504,527,22-23,POR1,2023-04-16,Sporting Lisbon,Arouca,1,1,0,D,0.7291,0.1677,0.1031
505,528,22-23,POR1,2023-04-23,Benfica,Estoril,1,0,1,W,0.8153,0.1219,0.0628
506,529,22-23,POR1,2023-04-23,Boavista,Rio Ave,3,2,1,W,0.3978,0.3027,0.2995
507,530,22-23,POR1,2023-04-23,Casa Pia AC,Sporting Braga,0,1,-1,L,0.2255,0.2643,0.5102
508,531,22-23,POR1,2023-04-23,Santa Clara,Chaves,1,1,0,D,0.3688,0.3035,0.3278
509,532,22-23,POR1,2023-04-23,Arouca,Vizela,1,0,1,W,0.4256,0.2972,0.2772
510,533,22-23,POR1,2023-04-23,Famalicao,Maritimo,3,2,1,W,0.5215,0.2706,0.2079
511,534,22-23,POR1,2023-04-23,Pacos Ferreira,Porto,0,2,-2,L,0.0991,0.1877,0.7131
512,535,22-23,POR1,2023-04-23,Portimonense,Gil Vicente,1,0,1,W,0.3538,0.3004,0.3459
513,536,22-23,POR1,2023-04-23,Guimaraes,Sporting Lisbon,0,2,-2,L,0.1784,0.2309,0.5907
514,537,22-23,RUS1,2023-04-15,Dinamo Moscow,Nizhny Novgorod,3,1,2,W,0.5898,0.2405,0.1696
515,538,22-23,RUS1,2023-04-15,Fakel Voronezh,Terek Grozny,1,1,0,D,0.2835,0.2852,0.4313
516,539,22-23,RUS1,2023-04-15,FC Orenburg,Lokomotiv Moscow,1,4,-3,L,0.4229,0.296,0.2812
517,540,22-23,RUS1,2023-04-15,FK Rostov,Zenit St Petersburg,0,0,0,D,0.1973,0.2334,0.5693
518,541,22-23,RUS1,2023-04-15,Krylia Sovetov,FK Khimki,0,0,0,D,0.5286,0.2679,0.2035
519,542,22-23,RUS1,2023-04-15,Sochi,FK Krasnodar,0,2,-2,L,0.4241,0.287,0.2889
520,543,22-23,RUS1,2023-04-15,Torpedo Moscow,Spartak Moscow,1,2,-1,L,0.2354,0.2702,0.4943
521,544,22-23,RUS1,2023-04-15,FK Ural,CSKA Moscow,1,2,-1,L,0.2853,0.2774,0.4373
522,545,22-23,RUS1,2023-04-22,Terek Grozny,Sochi,1,0,1,W,0.403,0.2878,0.3091
523,546,22-23,RUS1,2023-04-22,Fakel Voronezh,FC Orenburg,1,3,-2,L,0.3695,0.2944,0.3361
524,547,22-23,RUS1,2023-04-22,FK Khimki,Torpedo Moscow,4,2,2,W,0.3916,0.3048,0.3036
525,548,22-23,RUS1,2023-04-22,Nizhny Novgorod,Krylia Sovetov,2,1,1,W,0.3538,0.3006,0.3456
526,549,22-23,RUS1,2023-04-22,Spartak Moscow,FK Krasnodar,4,3,1,W,0.4589,0.278,0.2631
527,550,22-23,RUS1,2023-04-22,FK Ural,FK Rostov,1,3,-2,L,0.3227,0.2967,0.3806
528,551,22-23,RUS1,2023-04-22,Zenit St Petersburg,Dinamo Moscow,3,1,2,W,0.6815,0.1871,0.1315
529,552,22-23,RUS1,2023-04-22,CSKA Moscow,Lokomotiv Moscow,1,1,0,D,0.5751,0.2449,0.18
530,553,22-23,RUS2,2023-04-15,Alania Vladikavkaz,FC Volgar Astrakhan,2,2,0,D,0.4631,0.2808,0.256
531,554,22-23,RUS2,2023-04-15,FC Ufa,Akron,0,0,0,D,0.3791,0.296,0.3249
532,555,22-23,RUS2,2023-04-15,FK Kamaz,Velves,0,2,-2,L,0.435,0.2967,0.2683
533,556,22-23,RUS2,2023-04-15,Kuban Krasnodar,SKA-Energia Khabarovsk,2,2,0,D,0.4335,0.2821,0.2844
534,557,22-23,RUS2,2023-04-15,FC Neftekhimik,FK Krasnodar 2,3,0,3,W,0.4759,0.2867,0.2374
535,558,22-23,RUS2,2023-04-15,Rodina Moskva,Anzhi Makhachkala,2,0,2,W,0.2786,0.283,0.4385
536,559,22-23,RUS2,2023-04-15,Rubin Kazan,Shinnik Yaroslavl,3,0,3,W,0.6215,0.2233,0.1551
537,560,22-23,RUS2,2023-04-15,Volga Ulyanovsk,Arsenal Tula,0,0,0,D,0.2039,0.2626,0.5335
538,561,22-23,RUS2,2023-04-15,Enisey Krasnoyarsk,Baltika Kaliningrad,1,1,0,D,0.3269,0.2767,0.3964
539,562,22-23,RUS2,2023-04-22,Akron,FC Neftekhimik,0,3,-3,L,0.4786,0.2817,0.2397
540,563,22-23,RUS2,2023-04-22,Arsenal Tula,Rubin Kazan,0,1,-1,L,0.3969,0.2735,0.3296
541,564,22-23,RUS2,2023-04-22,Baltika Kaliningrad,FC Ufa,3,2,1,W,0.6041,0.2242,0.1717
542,565,22-23,RUS2,2023-04-22,Anzhi Makhachkala,Enisey Krasnoyarsk,3,0,3,W,0.4457,0.2767,0.2777
543,566,22-23,RUS2,2023-04-22,FK Krasnodar 2,Kuban Krasnodar,1,1,0,D,0.2863,0.2894,0.4243
544,567,22-23,RUS2,2023-04-22,Rodina Moskva,FK Kamaz,2,2,0,D,0.4298,0.2955,0.2747
545,568,22-23,RUS2,2023-04-22,SKA-Energia Khabarovsk,Volga Ulyanovsk,1,1,0,D,0.5845,0.2454,0.1701
546,569,22-23,RUS2,2023-04-22,FC Volgar Astrakhan,Velves,2,1,1,W,0.5101,0.2705,0.2194
547,570,22-23,RUS2,2023-04-22,Shinnik Yaroslavl,Alania Vladikavkaz,0,1,-1,L,0.2914,0.2889,0.4196
548,571,22-23,SCO1,2023-04-14,Ross County,Aberdeen,1,1,0,D,0.3298,0.29,0.3802
549,572,22-23,SCO1,2023-04-15,Glasgow Rangers,St Mirren,4,0,4,W,0.773,0.1437,0.0833
550,573,22-23,SCO1,2023-04-15,Hibernian,Hearts,1,1,0,D,0.3841,0.2926,0.3233
551,574,22-23,SCO1,2023-04-15,Livingston,St Johnstone,1,0,1,W,0.4544,0.2926,0.253
552,575,22-23,SCO1,2023-04-15,Motherwell,Dundee United,0,0,0,D,0.4583,0.2921,0.2496
553,576,22-23,SCO1,2023-04-16,Kilmarnock,Celtic Glasgow,0,5,-5,L,0.0759,0.1605,0.7636
554,577,22-23,SCO1,2023-04-22,Celtic Glasgow,Motherwell,2,1,1,W,0.8388,0.106,0.0552
555,578,22-23,SCO1,2023-04-22,Dundee United,Livingston,0,1,-1,L,0.3688,0.3032,0.3279
556,579,22-23,SCO1,2023-04-22,Aberdeen,Glasgow Rangers,2,3,-1,L,0.1644,0.2274,0.6083
557,580,22-23,SCO1,2023-04-22,Hearts,Ross County,2,1,1,W,0.58,0.2483,0.1717
558,581,22-23,SCO1,2023-04-22,St Johnstone,Hibernian,0,1,-1,L,0.3696,0.2996,0.3308
559,582,22-23,SCO1,2023-04-22,St Mirren,Kilmarnock,0,0,0,D,0.4986,0.2765,0.2249
560,583,22-23,SCO2,2023-04-15,Cove Rangers,Inverness CT,0,1,-1,L,0.2553,0.2758,0.4689
561,584,22-23,SCO2,2023-04-15,FC Dundee,Greenock Morton,0,0,0,D,0.5925,0.2324,0.1751
562,585,22-23,SCO2,2023-04-15,Partick Thistle,Ayr United,3,2,1,W,0.3826,0.2946,0.3227
563,586,22-23,SCO2,2023-04-15,Queens Park,Hamilton Academical,4,0,4,W,0.6276,0.2241,0.1482
564,587,22-23,SCO2,2023-04-15,Raith Rovers,Arbroath,1,1,0,D,0.4361,0.2968,0.2671
565,588,22-23,SCO2,2023-04-22,Arbroath,Cove Rangers,1,1,0,D,0.5431,0.2617,0.1952
566,589,22-23,SCO2,2023-04-22,Ayr United,Queens Park,5,0,5,W,0.3824,0.2847,0.3329
567,590,22-23,SCO2,2023-04-22,Hamilton Academical,Partick Thistle,1,2,-1,L,0.291,0.2887,0.4204
568,591,22-23,SCO2,2023-04-22,Inverness CT,FC Dundee,0,1,-1,L,0.3162,0.2785,0.4053
569,592,22-23,SCO2,2023-04-22,Greenock Morton,Raith Rovers,1,0,1,W,0.4309,0.2953,0.2738
570,593,22-23,SCO3,2023-04-15,Clyde,Edinburgh City,0,2,-2,L,0.2247,0.2776,0.4977
571,594,22-23,SCO3,2023-04-15,Dunfermline Athletic,Queen of the South,1,1,0,D,0.5514,0.2411,0.2075
572,595,22-23,SCO3,2023-04-15,Falkirk,Airdrie United,1,1,0,D,0.3581,0.2739,0.368
573,596,22-23,SCO3,2023-04-15,Kelty Hearts,Alloa Athletic,1,1,0,D,0.3125,0.2902,0.3973
574,597,22-23,SCO3,2023-04-15,Montrose,Peterhead,3,0,3,W,0.6625,0.2105,0.127
575,598,22-23,SCO3,2023-04-22,Airdrie United,Dunfermline Athletic,3,4,-1,L,0.3957,0.2657,0.3386
576,599,22-23,SCO3,2023-04-22,Alloa Athletic,Falkirk,1,1,0,D,0.3787,0.2849,0.3364
577,600,22-23,SCO3,2023-04-22,Edinburgh City,Kelty Hearts,2,0,2,W,0.5174,0.2656,0.217
578,601,22-23,SCO3,2023-04-22,Peterhead,Clyde,1,0,1,W,0.3981,0.3007,0.3013
579,602,22-23,SCO3,2023-04-22,Queen of the South,Montrose,4,0,4,W,0.4603,0.2801,0.2597
580,603,22-23,SCO4,2023-04-15,Annan Athletic,Albion Rovers,5,1,4,W,0.4794,0.2809,0.2396
581,604,22-23,SCO4,2023-04-15,Bonnyrigg Rose,Dumbarton,1,1,0,D,0.216,0.2647,0.5193
582,605,22-23,SCO4,2023-04-15,East Fife,Stranraer,1,3,-2,L,0.4686,0.2822,0.2492
583,606,22-23,SCO4,2023-04-15,Elgin City,Forfar Athletic,0,1,-1,L,0.3303,0.3016,0.3681
584,607,22-23,SCO4,2023-04-15,Stenhousemuir,Stirling Albion,1,3,-2,L,0.2975,0.283,0.4195
585,608,22-23,SCO4,2023-04-22,Albion Rovers,Stenhousemuir,2,2,0,D,0.3565,0.3009,0.3426
586,609,22-23,SCO4,2023-04-22,Dumbarton,East Fife,2,0,2,W,0.5391,0.2498,0.2111
587,610,22-23,SCO4,2023-04-22,Forfar Athletic,Bonnyrigg Rose,1,1,0,D,0.4732,0.2855,0.2414
588,611,22-23,SCO4,2023-04-22,Stirling Albion,Annan Athletic,0,2,-2,L,0.5144,0.2622,0.2234
589,612,22-23,SCO4,2023-04-22,Stranraer,Elgin City,2,3,-1,L,0.4646,0.2898,0.2456
590,613,22-23,SPA1,2023-04-14,Vallecano,Osasuna,2,1,1,W,0.4399,0.297,0.2631
591,614,22-23,SPA1,2023-04-15,Villarreal,Valladolid,1,2,-1,L,0.6581,0.209,0.1329
592,615,22-23,SPA1,2023-04-15,Athletic Bilbao,Real Sociedad,2,0,2,W,0.3842,0.2932,0.3226
593,616,22-23,SPA1,2023-04-15,Real Betis,Espanyol Barcelona,3,1,2,W,0.566,0.2486,0.1854
594,617,22-23,SPA1,2023-04-15,Cadiz,Real Madrid,0,2,-2,L,0.1513,0.225,0.6237
595,618,22-23,SPA1,2023-04-16,Girona,Elche,2,0,2,W,0.5701,0.2532,0.1768
596,619,22-23,SPA1,2023-04-16,Getafe,FC Barcelona,0,0,0,D,0.1507,0.2267,0.6226
597,620,22-23,SPA1,2023-04-16,Athletico Madrid,Almeria,2,1,1,W,0.7328,0.1683,0.099
598,621,22-23,SPA1,2023-04-16,Valencia,Sevilla FC,0,2,-2,L,0.4372,0.2949,0.268
599,622,22-23,SPA1,2023-04-17,Celta de Vigo,Mallorca,0,1,-1,L,0.4659,0.2881,0.246
600,623,22-23,SPA1,2023-04-23,Osasuna,Real Betis,3,2,1,W,0.2797,0.2859,0.4344
601,624,22-23,SPA1,2023-04-23,Espanyol Barcelona,Cadiz,0,0,0,D,0.4164,0.2993,0.2844
602,625,22-23,SPA1,2023-04-23,FC Barcelona,Athletico Madrid,1,0,1,W,0.5259,0.2324,0.2416
603,626,22-23,SPA1,2023-04-23,Elche,Valencia,0,2,-2,L,0.2821,0.2858,0.4321
604,627,22-23,SPA1,2023-04-23,Sevilla FC,Villarreal,2,1,1,W,0.3074,0.2888,0.4038
605,628,22-23,SPA1,2023-04-23,Mallorca,Getafe,3,1,2,W,0.3943,0.3027,0.303
606,629,22-23,SPA1,2023-04-23,Real Madrid,Celta de Vigo,2,0,2,W,0.7259,0.169,0.1051
607,630,22-23,SPA1,2023-04-23,Real Sociedad,Vallecano,2,1,1,W,0.5092,0.2703,0.2204
608,631,22-23,SPA1,2023-04-23,Valladolid,Girona,1,0,1,W,0.33,0.2992,0.3708
609,632,22-23,SPA1,2023-04-23,Almeria,Athletic Bilbao,1,2,-1,L,0.2953,0.2884,0.4163
610,633,22-23,SPA2,2023-04-14,Albacete,Eibar,3,1,2,W,0.352,0.2896,0.3584
611,634,22-23,SPA2,2023-04-15,Granada,Las Palmas,2,1,1,W,0.4321,0.2743,0.2935
612,635,22-23,SPA2,2023-04-15,Oviedo,Lugo,2,1,1,W,0.5446,0.2619,0.1935
613,636,22-23,SPA2,2023-04-15,Zaragoza,Santander,4,1,3,W,0.437,0.2965,0.2665
614,637,22-23,SPA2,2023-04-15,Burgos,Ponferradina,2,2,0,D,0.4909,0.2802,0.2289
615,638,22-23,SPA2,2023-04-16,Andorra,Huesca,1,0,1,W,0.4787,0.2795,0.2418
616,639,22-23,SPA2,2023-04-16,Sporting Gijon,Alaves,0,0,0,D,0.3032,0.2824,0.4144
617,640,22-23,SPA2,2023-04-16,Tenerife,Ibiza,4,0,4,W,0.529,0.2674,0.2036
618,641,22-23,SPA2,2023-04-16,Malaga,Cartagena,1,0,1,W,0.3073,0.2948,0.3979
619,642,22-23,SPA2,2023-04-16,Leganes,Villarreal B,1,0,1,W,0.4132,0.2942,0.2926
620,643,22-23,SPA2,2023-04-17,Levante,Mirandes,1,2,-1,L,0.5365,0.2575,0.206
621,644,22-23,SPA2,2023-04-23,Lugo,Malaga,0,2,-2,L,0.3533,0.3034,0.3433
622,645,22-23,SPA2,2023-04-23,Mirandes,Burgos,2,1,1,W,0.4032,0.2974,0.2995
623,646,22-23,SPA2,2023-04-23,Alaves,Leganes,2,1,1,W,0.5709,0.2464,0.1827
624,647,22-23,SPA2,2023-04-23,Cartagena,Sporting Gijon,2,1,1,W,0.4836,0.2768,0.2396
625,648,22-23,SPA2,2023-04-23,Villarreal B,Albacete,1,2,-1,L,0.4034,0.2963,0.3003
626,649,22-23,SPA2,2023-04-23,Santander,Granada,1,0,1,W,0.2756,0.2748,0.4495
627,650,22-23,SPA2,2023-04-23,Eibar,Zaragoza,1,1,0,D,0.5255,0.2638,0.2107
628,651,22-23,SPA2,2023-04-23,Huesca,Tenerife,1,1,0,D,0.4353,0.2932,0.2715
629,652,22-23,SPA2,2023-04-23,Ponferradina,Andorra,1,4,-3,L,0.3294,0.2947,0.3758
630,653,22-23,SPA2,2023-04-23,Ibiza,Oviedo,1,2,-1,L,0.3224,0.2975,0.3801
631,654,22-23,SPA2,2023-04-23,Las Palmas,Levante,0,0,0,D,0.4808,0.2664,0.2528
632,655,22-23,TUN1,2023-04-15,Club Africain,US Tataouine,4,1,3,W,0.5429,0.2577,0.1994
633,656,22-23,TUN1,2023-04-15,US Ben Guerdane,Club Sportif Sfaxien,1,2,-1,L,0.4643,0.2829,0.2529
634,657,22-23,TUN1,2023-04-15,Olympique Beja,Esperance Tunis,2,0,2,W,0.2694,0.2634,0.4672
635,658,22-23,TUN1,2023-04-15,ES Sahel,US Monastir,2,1,1,W,0.5069,0.2616,0.2315
636,659,22-23,TUN1,2023-04-22,US Monastir,Club Africain,0,1,-1,L,0.4021,0.2858,0.3121
637,660,22-23,TUN1,2023-04-22,Esperance Tunis,ES Sahel,1,0,1,W,0.5001,0.2548,0.2451
638,661,22-23,TUN1,2023-04-22,US Tataouine,US Ben Guerdane,1,1,0,D,0.3268,0.2973,0.3759
639,662,22-23,TUN1,2023-04-22,Club Sportif Sfaxien,Olympique Beja,0,0,0,D,0.3926,0.2968,0.3106
640,663,22-23,TUN1,2023-04-26,CA Bizertin,ES Hammam Sousse,2,2,0,D,0.5314,0.2633,0.2053
641,664,22-23,TUN1,2023-04-26,EO Sidi Bouzid,Soliman,1,1,0,D,0.3292,0.2969,0.3738
642,665,22-23,TUN1,2023-04-26,Stade Tunisien,ES Metlaoui,1,1,0,D,0.4646,0.2846,0.2508
643,666,23-24,USA1,2023-04-16,Charlotte FC,Colorado Rapids,2,2,0,D,0.4636,0.286,0.2505
644,667,23-24,USA1,2023-04-16,Columbus Crew,New England Revolution,1,1,0,D,0.4751,0.2804,0.2445
645,668,23-24,USA1,2023-04-16,CF Montreal,D.C. United,0,1,-1,L,0.6153,0.2308,0.1539
646,669,23-24,USA1,2023-04-16,New York Red Bulls,Houston Dynamo,1,1,0,D,0.5188,0.2666,0.2146
647,670,23-24,USA1,2023-04-16,New York City FC,Nashville SC,2,1,1,W,0.4564,0.2785,0.2651
648,671,23-24,USA1,2023-04-16,Toronto FC,Atlanta United FC,2,2,0,D,0.3807,0.2987,0.3206
649,672,23-24,USA1,2023-04-16,Austin FC,Vancouver Whitecaps,0,0,0,D,0.5446,0.2576,0.1978
650,673,23-24,USA1,2023-04-16,Chicago Fire,Philadelphia Union,2,2,0,D,0.243,0.2656,0.4914
651,674,23-24,USA1,2023-04-16,FC Dallas,Real Salt Lake,2,1,1,W,0.5546,0.253,0.1924
652,675,23-24,USA1,2023-04-16,Minnesota,Orlando City,1,2,-1,L,0.4842,0.2831,0.2327
653,676,23-24,USA1,2023-04-16,St Louis City,FC Cincinnati,5,1,4,W,0.6872,0.1784,0.1344
654,677,23-24,USA1,2023-04-16,Portland Timbers,Seattle Sounders,4,1,3,W,0.3613,0.2931,0.3457
655,678,23-24,USA1,2023-04-16,San Jose Earthquakes,Sporting Kansas City,3,0,3,W,0.4462,0.291,0.2628
656,679,23-24,USA1,2023-04-16,Los Angeles Galaxy,Los Angeles FC,2,3,-1,L,0.281,0.2701,0.449
657,680,23-24,USA1,2023-04-23,Charlotte FC,Columbus Crew,1,0,1,W,0.3409,0.293,0.3661
658,681,23-24,USA1,2023-04-23,FC Cincinnati,Portland Timbers,2,1,1,W,0.535,0.2588,0.2062
659,682,23-24,USA1,2023-04-23,CF Montreal,New York Red Bulls,2,0,2,W,0.4356,0.2893,0.275
660,683,23-24,USA1,2023-04-23,New England Revolution,Sporting Kansas City,2,1,1,W,0.5131,0.2708,0.2161
661,684,23-24,USA1,2023-04-23,New York City FC,FC Dallas,3,1,2,W,0.46,0.2777,0.2623
662,685,23-24,USA1,2023-04-23,Orlando City,D.C. United,1,3,-2,L,0.4924,0.2823,0.2253
663,686,23-24,USA1,2023-04-23,Philadelphia Union,Toronto FC,4,2,2,W,0.6682,0.2031,0.1287
664,687,23-24,USA1,2023-04-23,Nashville SC,Los Angeles FC,1,1,0,D,0.3258,0.2703,0.4039
665,688,23-24,USA1,2023-04-23,Colorado Rapids,St Louis City,1,1,0,D,0.1245,0.2085,0.667
666,689,23-24,USA1,2023-04-23,Real Salt Lake,San Jose Earthquakes,3,1,2,W,0.4572,0.2887,0.2542
667,690,23-24,USA1,2023-04-23,Los Angeles Galaxy,Austin FC,2,0,2,W,0.4116,0.2905,0.2979
668,691,23-24,USA1,2023-04-23,Seattle Sounders,Minnesota,1,0,1,W,0.48,0.2795,0.2405
669,692,23-24,USA1,2023-04-23,Atlanta United FC,Chicago Fire,2,1,1,W,0.469,0.2867,0.2444
670,693,23-24,USA2,2023-04-15,FC Tulsa,Charleston Battery,1,2,-1,L,0.5518,0.2597,0.1885
671,694,23-24,USA2,2023-04-15,Loudoun United,Birmingham Legion,3,0,3,W,0.205,0.2621,0.5329
672,695,23-24,USA2,2023-04-15,Louisville City FC,San Antonio Scorpions,1,0,1,W,0.4175,0.2607,0.3218
673,696,23-24,USA2,2023-04-15,Memphis 901,Las Vegas Lights FC,2,2,0,D,0.6108,0.2269,0.1624
674,697,23-24,USA2,2023-04-15,Miami FC,Detroit City FC,0,0,0,D,0.3883,0.2905,0.3212
675,698,23-24,USA2,2023-04-15,New Mexico United,San Diego Loyal,1,1,0,D,0.3927,0.2851,0.3222
676,699,23-24,USA2,2023-04-15,Oakland Roots,Hartford Athletic,1,2,-1,L,0.4917,0.2778,0.2305
677,700,23-24,USA2,2023-04-15,Orange County SC,Indy Eleven,1,0,1,W,0.4385,0.2952,0.2663
678,701,23-24,USA2,2023-04-15,Phoenix Rising,Monterey Bay FC,1,1,0,D,0.4771,0.283,0.2399
679,702,23-24,USA2,2023-04-15,Pittsburgh Riverhounds,Rio Grande Valley FC,2,0,2,W,0.4517,0.2857,0.2627
680,703,23-24,USA2,2023-04-15,Sacramento Republic,Colorado Springs Switchbacks,4,0,4,W,0.4882,0.2729,0.239
681,704,23-24,USA2,2023-04-22,Charleston Battery,Louisville City FC,0,0,0,D,0.1598,0.2343,0.6059
682,705,23-24,USA2,2023-04-22,Colorado Springs Switchbacks,New Mexico United,2,1,1,W,0.4389,0.2882,0.2729
683,706,23-24,USA2,2023-04-22,El Paso Locomotive,Pittsburgh Riverhounds,2,0,2,W,0.3397,0.2949,0.3654
684,707,23-24,USA2,2023-04-22,Indy Eleven,Monterey Bay FC,2,3,-1,L,0.4543,0.2907,0.255
685,708,23-24,USA2,2023-04-22,Orange County SC,Birmingham Legion,1,2,-1,L,0.2903,0.289,0.4207
686,709,23-24,USA2,2023-04-22,Rio Grande Valley FC,Memphis 901,0,3,-3,L,0.3056,0.2811,0.4133
687,710,23-24,USA2,2023-04-22,Sacramento Republic,Detroit City FC,1,0,1,W,0.4656,0.2781,0.2563
688,711,23-24,USA2,2023-04-22,San Antonio Scorpions,Phoenix Rising,1,1,0,D,0.6568,0.2052,0.138
689,712,23-24,USA2,2023-04-23,Loudoun United,Oakland Roots,2,0,2,W,0.2574,0.2819,0.4606
690,713,23-24,USA2,2023-04-23,Miami FC,Las Vegas Lights FC,4,1,3,W,0.5042,0.271,0.2248
691,714,23-24,USA2,2023-04-23,San Diego Loyal,Tampa Bay Rowdies,1,0,1,W,0.3415,0.2758,0.3827
692,715,23-24,VEN1,2023-04-15,Carabobo FC,Deportivo Rayo Zuliano,0,0,0,D,0.618,0.2275,0.1545
693,716,23-24,VEN1,2023-04-15,Caracas FC,Mineros de Guayana,1,1,0,D,0.518,0.2708,0.2112
694,717,23-24,VEN1,2023-04-15,Estudiantes de Merida,Metropolitanos FC,0,2,-2,L,0.3604,0.2898,0.3498
695,718,23-24,VEN1,2023-04-15,Deportivo La Guaira,Angostura,1,0,1,W,0.3303,0.2914,0.3783
696,719,23-24,VEN1,2023-04-15,Portuguesa FC,Universidad Central FC,2,0,2,W,0.5183,0.2715,0.2102
697,720,23-24,VEN1,2023-04-15,Cabello,CD Hermanos Colmenarez,1,0,1,W,0.5221,0.2613,0.2166
698,721,23-24,VEN1,2023-04-15,Zamora FC,Monagas,1,1,0,D,0.4242,0.2857,0.29
699,722,23-24,VEN1,2023-04-22,Angostura,Metropolitanos FC,3,2,1,W,0.4566,0.2714,0.272
700,723,23-24,VEN1,2023-04-22,Deportivo Tachira,Caracas FC,1,1,0,D,0.4864,0.2753,0.2384
701,724,23-24,VEN1,2023-04-22,CD Hermanos Colmenarez,Portuguesa FC,0,2,-2,L,0.4538,0.2902,0.256
702,725,23-24,VEN1,2023-04-22,Mineros de Guayana,Carabobo FC,0,1,-1,L,0.2895,0.285,0.4255
703,726,23-24,VEN1,2023-04-22,Monagas,Cabello,3,2,1,W,0.384,0.2838,0.3322
704,727,23-24,VEN1,2023-04-22,Deportivo Rayo Zuliano,Zamora FC,1,1,0,D,0.26,0.2777,0.4623
705,728,23-24,VEN1,2023-04-22,Universidad Central FC,Estudiantes de Merida,3,2,1,W,0.3127,0.2955,0.3918
706,729,22-23,ZAF1,2023-04-21,Maritzburg United,Richards Bay FC,1,1,0,D,0.3473,0.3074,0.3453
707,730,22-23,ZAF1,2023-04-22,Golden Arrows,Mamelodi Sundowns,1,1,0,D,0.1624,0.2338,0.6038
708,731,22-23,ZAF1,2023-04-22,Orlando Pirates,Cape Town City FC,2,1,1,W,0.441,0.2834,0.2756
709,732,22-23,ZAF1,2023-04-22,Stellenbosch,Moroka Swallows,3,0,3,W,0.4938,0.2786,0.2276
710,733,22-23,ZAF1,2023-04-23,Marumo Gallants,Chippa United,3,1,2,W,0.4178,0.3015,0.2807
711,734,22-23,ZAF1,2023-04-23,Tim Sukazi Galaxy,Bloemfontein Celtic,1,1,0,D,0.4127,0.2944,0.2929
712,735,22-23,ZAF1,2023-04-23,Sekhukhune United,Kaizer Chiefs,1,0,1,W,0.3333,0.2983,0.3685
713,736,22-23,ZAF1,2023-04-23,SuperSport United,AmaZulu,2,1,1,W,0.4586,0.2868,0.2547
